,up_revision,C4,overhang,negative_w/real_w,uncertain_w/real_w,sic_svc,Y2
0,1.3129103132998245,0.7499624159175221,0.05165940193804781,0.18115713712541393,-0.15475711333546352,0,1
1,-0.7536800567614752,0.5837477664041902,2.417698843341012,0.8318054282227767,-0.1252677692191055,0,0
2,-0.7536800567614752,0.7172127773075367,-0.2702456143132161,-1.1001471803633451,0.038375699986383446,0,0
3,-0.7536800567614752,0.714502216419646,-0.3182590818728772,-0.6950390344015221,0.695265553707594,0,1
4,0.5653912808437296,0.49934718361447566,-0.03459316216893548,0.546220391388028,0.08747125133118526,0,1
5,-0.7536800567614752,0.410565303589394,0.9919596960799079,-1.1034658225275389,0.19920996575032404,1,1
6,-0.7536800567614752,0.6521407939933321,-0.20643539227401903,-0.7788342501649969,-1.1828628311217544,0,1
7,-0.7536800567614752,0.7951957819219213,-0.9938396867520303,0.7202723969471864,-0.11345702624628061,0,0
8,-0.7536800567614752,0.5212034976301432,0.5804170586230754,-0.1333985860271186,1.4460952157015712,1,1
9,-0.7536800567614752,0.5384057995968172,-0.49227911902981863,0.4859535446080113,1.6131268979434676,0,0
10,-0.7536800567614752,0.6967311481915252,-0.8892715477201993,-0.6545547912421199,0.3599082130474783,0,1
11,0.8344278919539974,0.7133580183524376,0.27196587020216384,-0.3384120841433444,1.1389983410801308,0,1
12,1.0885898076145042,0.6113132884355093,0.05368450320062694,0.7376709826922814,0.5442648618402757,0,1
13,-0.7536800567614752,0.7272410093023549,-0.09097982532716423,1.5333621275010019,-0.8178335900138187,0,1
14,-0.7536800567614752,0.30126556843081354,1.9584164102011772,-1.6466337352987819,-1.1109973755747218,1,1
15,-0.7536800567614752,0.6370547923643988,-1.3106739768294047,-1.6612853119132405,0.7165686579923685,0,1
16,-0.7536800567614752,0.6113132884355093,-1.0904922949862834,1.2159289415687842,0.49309095053922763,0,1
17,-0.7536800567614752,0.7803506301780748,1.6348595471827452,-1.5364627775331152,-1.315546203990755,0,1
18,1.412804385446546,0.5863305525689165,0.017517556841049317,-0.7532644507923454,-1.5681878926017927,0,1
19,-0.7536800567614752,0.8133846115289864,0.5421529107448982,0.4199214641495999,0.7062253182982425,0,0
20,0.8344278919539974,0.8477722326290267,0.37974363172297326,-1.6198182306548978,-2.6806126576487643,0,1
21,-0.7536800567614752,0.6460295386158798,-0.5537765300263384,1.5795979264074878,1.2282863816502638,1,1
22,-0.7536800567614752,0.776420864834003,0.04693154151865926,-1.2821732454134742,1.2922485203387133,0,1
23,-0.7536800567614752,0.6292158485814898,-0.5339590906620898,-1.2173550834573024,-0.11186599636673508,0,1
24,-0.7536800567614752,0.6205503034664587,0.20317238802474094,0.7610891927426107,1.3380098731607688,0,1
25,-0.7536800567614752,0.49064662115640584,0.31745267240130415,-1.053192930952928,1.7605059561119947,0,1
26,0.6121292411689686,0.7369924095815304,-1.015897929758869,1.7373178818480342,0.9473307576496189,0,1
27,-0.7536800567614752,0.7756946778528271,0.4934739672316132,0.12175026197432123,-0.5056065700258833,0,1
28,-0.7536800567614752,0.5735786526425786,-1.170239229534257,-0.1223738407582288,0.7408464368279185,0,1
29,-0.7536800567614752,0.49064662115640584,0.11159787237539087,-1.6998950744991752,-0.5133035221274039,0,0
30,1.0482033566052547,0.5010301492487761,1.2221067623483606,-0.9895032223044794,-2.1456745370700725,1,1
31,-0.7536800567614752,0.7172127773075367,0.9893138127911275,-0.837259855218335,0.8148199642937005,0,1
32,1.9437274139939773,0.9694449795657427,-0.19242580916273794,0.7596430126965709,1.0365354604388646,0,1
33,-0.7536800567614752,0.7004747231183689,0.3310996606455258,0.29170269265314225,0.6683386135687059,0,0
34,1.02207863522018,0.5875437445176533,-0.09172243085911878,-0.7903512020687622,-0.6788200765433351,1,1
35,1.9097137935138786,0.857310954586411,0.6422276191095612,0.48682792852017664,0.24319131329645494,0,1
36,0.11278449963365211,0.6996605074806039,-0.34373825960598003,-0.8584468601061533,-1.537306454931499,0,1
37,1.6240353095554083,0.7804920325619664,-0.05128779887666916,-0.3096473240647718,1.6288062481890266,1,1
38,0.17716757673164746,0.8593488634691554,0.1440655951849989,-1.7561411842223495,-0.7798384465050363,1,1
39,1.7619887137168968,0.6543507793306458,-0.6466908020454771,-0.04657971581156622,-1.9771760666812281,0,1
40,-0.7536800567614752,0.557703369120761,-0.8780147885678807,0.050827933636393555,0.35725182149441426,0,1
41,1.801558324253291,0.7506771250076728,-1.0591212419583524,1.5403049904948931,0.9002519614645077,0,1
42,-0.7536800567614752,0.6109133720102564,-0.37844824945732747,0.8549593231773323,0.06938341702278158,1,1
43,-0.7536800567614752,0.6328973487248862,0.42155268906847476,0.37490062391453566,0.3213082490216969,1,0
44,-0.7536800567614752,0.6170949917902707,-0.24997591688573584,0.30121030970639284,0.6723879028693912,0,1
45,1.778122200898229,0.74696799128444,2.0351461874434618,-0.9000303074239805,-1.7722664086751654,0,1
46,-0.7536800567614752,0.6467088344564363,0.45711939469197577,0.9351438865565049,1.1520934075032743,0,1
47,-0.7536800567614752,0.5480476277975103,-0.027378665444094123,2.379444186371067,1.9299591304461314,0,0
48,1.7287271835733287,0.7719835713115657,0.6828854989176069,-0.9665743093369177,0.17647507483633482,1,1
49,-0.7536800567614752,0.6967311481915252,-0.5525458707752628,-0.17489508143868376,2.980114029710886,0,1
50,-0.7536800567614752,0.4012521754153602,-0.023929381708292258,-1.0870248073005933,1.5470818485464168,0,0
51,1.464576888518758,0.6468554850570978,-0.7572585592899747,-0.9443784145968511,-1.0611235886709247,0,1
52,-0.7536800567614752,0.8309838860687495,-0.3223219079695458,-0.9295841418823394,0.5353198024321482,0,0
53,0.9005641593676484,0.8685889252546705,0.8805011324578977,1.7213432293190034,1.143211307875506,0,1
54,-0.7536800567614752,0.988152787110892,0.007670995754264435,-0.5185348448104468,0.4335561605991075,0,0
55,0.2886495112165419,0.5789261859277867,0.06117091290954068,-1.3672919316395373,0.2504536086532662,0,0
56,-0.7536800567614752,0.5393113531190685,-0.4924701708654954,-1.2574923360312038,0.008143371856774832,0,0
57,0.7155590950164082,0.7116675277432976,2.9792623539769747,-0.9989077071651403,0.28036167066915707,1,1
58,-0.7536800567614752,0.6529173373116829,-0.7187949553406359,1.402371161054824,-0.03871681564572555,0,0
59,0.4804875924813363,0.6858456894277218,0.9015632149259097,-1.1187900629947545,0.6235646155093887,1,1
60,-0.7536800567614752,0.6440750242707544,-0.43291338279702574,1.2193713299546576,1.064260343855784,0,1
61,-0.7536800567614752,0.5887996328849047,1.876327382184314,-0.2611286565745016,-1.4858843203811987,1,1
62,-0.7536800567614752,0.8177627280351759,-1.9888812425935867,-0.2689680448395984,0.6409643380640567,0,0
63,1.9164565799906985,0.8354331983316436,0.8713073744213953,1.5565085356040511,1.155731297331905,0,1
64,1.9494379447791947,0.6782327987124113,-0.7628966188971599,0.5547992148342175,-0.4657985426465912,0,1
65,-0.7536800567614752,0.6575898150025661,0.4571210350229881,-1.5131946144133144,-1.1913944994578483,1,1
66,1.6087812889357842,0.7133580183524376,-0.4010170929788709,0.45877814916194526,0.1652567825998487,0,1
67,1.6770186892312087,0.3948011213803336,0.8267420407203567,0.3335535457026115,0.24311052081232193,0,1
68,-0.7536800567614752,0.7775549897407659,-1.4384440709612676,0.16069155146479847,0.06017597216941076,0,1
69,1.6594548955097255,0.679085522230362,-0.8349354556208761,-1.3696995131240404,-0.3197297501658736,0,1
70,-0.7536800567614752,0.8379250278984162,0.7983518069763156,-0.5478497444756588,0.07492947047945635,1,1
71,1.2808401079768474,0.706834265098131,-1.2004658009133837,-0.8336504847589794,0.863951647020836,0,1
72,-0.7536800567614752,0.7625385334228041,0.5476627772307975,1.057745078674695,-0.10328430013656022,0,0
73,-0.7536800567614752,0.48584326486680807,0.7274772358023752,0.57485058996482,0.7595303728859597,1,0
74,-0.7536800567614752,0.7137689899575306,-1.4124777515711873,-0.03497448710563305,-0.5093465643356464,0,0
75,1.2186708447397634,0.677195942901412,1.186578235254294,-1.7914884002785043,1.6022246744617852,1,1
76,-0.7536800567614752,0.6798776891501461,0.3949855451185821,0.7483725492898261,0.7437502644998949,0,1
77,-0.7536800567614752,0.5728701896779756,2.52593022341663,-0.37752254125910367,-1.3688097228462743,1,0
78,-0.7536800567614752,0.6491957815891642,0.06260312123721955,-0.36658929675481133,1.2608798188632866,0,1
79,-0.7536800567614752,0.6491439465080053,1.173866550469219,-0.6748337374564901,1.722317534990552,0,1
80,0.7728871787537525,0.4089104493200849,0.8194700289202167,1.2579987410920037,-1.8902762210804305,0,1
81,0.2255696754018174,0.4570092126753362,-1.0662245966259916,0.6658515748851733,1.0613735465438399,0,1
82,-0.7536800567614752,0.7215079144277352,1.5959182330283126,0.7668682205520332,-0.007755583745645565,0,1
83,0.15468678589499044,0.6277594998804963,0.7554125469647082,-1.392520035671061,-0.42868390380285815,1,1
84,-0.7536800567614752,0.6742571406436861,-0.990216045557769,0.3570008829726001,-0.034530204542838214,1,1
85,-0.7536800567614752,0.5431245870771257,-0.25991707099731826,0.6119422156086299,-0.29349398665336385,0,1
86,1.3621960234959951,0.8891411994320053,-0.2977682987212287,0.03055672425802481,-1.081744855773982,0,1
87,-0.7536800567614752,0.7185343455216199,-0.4742921035556891,0.31286405418727126,-0.5462426807593503,0,0
88,-0.7536800567614752,0.8362653225767153,-1.3614369478438606,1.2446504748762826,-0.4037317967035693,1,1
89,-0.7536800567614752,0.9190276906035633,0.09556618202094058,0.8076427182160785,-0.8777321570399411,1,1
90,1.464576888518758,0.5687764319269188,-0.10303950778813759,0.1758646552972459,-0.733296096613176,0,1
91,-0.7536800567614752,0.8000958165405366,-0.3210483524074807,-0.17681568625975871,-0.16208083495884995,1,0
92,-0.7536800567614752,0.5169114656896937,0.3397475986607349,-1.4035119910441216,2.2359369438870575,0,0
93,0.6620838958098904,0.7676661487464216,-0.927810616535194,-0.7140952415748759,-0.34770031482397523,0,1
94,1.898427503565056,0.7685676051850809,-2.4112933711958693,-1.4176565723423515,-0.45843025933496895,1,1
95,1.464576888518758,0.5458073341077836,-0.8695443012871961,1.0993387103328833,-1.3934535741179213,0,0
96,1.1304471446812183,0.5431245870771257,-0.45111141991230774,-0.16986017189615032,-0.4079741726967559,0,1
97,-0.7536800567614752,0.5823083654951261,-1.2306836631535518,0.8172060004425181,0.9052162462824715,0,0
98,1.823911837442935,0.7543682873545627,1.8017818144223128,-0.4586694520288492,-0.5743481718480462,0,1
99,-0.7536800567614752,0.7372802715548854,-0.627084325834623,-1.5131246518567965,1.8801755171820451,0,1
100,-0.7536800567614752,0.7314476386548824,0.508206210760125,0.08833852721368299,1.6389837662266922,0,1
101,0.9716923852279794,0.5817716863403881,0.4154350336013487,-0.0716237020126777,2.0731519150213864,1,1
102,-0.7536800567614752,0.6957929577703243,0.5348493249718224,0.44615827079814385,-0.7082490177668199,0,0
103,1.0482033566052547,0.845123096162556,0.9963772216297561,0.7402796022475666,0.35180488278617555,0,1
104,-0.7536800567614752,0.5965079296955885,-0.5717427081207405,0.05956008537748848,-0.8520971924629708,1,0
105,-0.7536800567614752,0.272994438488472,0.03665197493037088,-0.18698506738319143,0.7327910736125777,1,1
106,-0.7536800567614752,0.8530217202935326,-0.37864765447327065,-0.03578262554599344,0.10466207878794669,1,0
107,-0.7536800567614752,0.7971213948362227,0.23459359212476927,1.9902826781514151,-1.6121949962558537,0,0
108,-0.7536800567614752,0.5393113531190685,-0.11905125051090848,0.276908505360287,-1.6313060403559683,0,0
109,-0.7536800567614752,0.8744792995710112,2.142581675047481,0.9583779580226388,2.73036458045662,1,1
110,0.6620838958098904,0.6451058458007943,0.8702730681892298,0.06437495616062042,0.025481718465814228,0,1
111,-0.7536800567614752,0.6730461468768864,1.4857362283872895,0.24083083321345358,0.6726239806321431,1,1
112,-0.7536800567614752,0.40652766843775556,-0.40742695188432404,2.3084646923283305,-0.9629124535321785,0,0
113,-0.7536800567614752,0.8232504806835594,-1.051889268703795,0.3373948124604787,0.6548905873211381,0,1
114,0.9005641593676484,0.7684959596516819,-1.2994073424523074,1.0884287704583615,0.486809265994581,0,1
115,-0.7536800567614752,0.8224028885865324,0.5191681733761229,-1.0334598762054144,0.1799652693627782,0,1
116,-0.7536800567614752,0.5934078252979254,-2.037154104991701,-0.46697343922304124,-1.0510544488442308,0,0
117,1.412804385446546,0.7988180175860132,-1.1887716997565572,1.8165376972946765,1.5297271105786396,0,1
118,0.8344278919539974,0.582087420386781,0.3363024847085365,0.012172728136034395,0.08158421718660946,0,1
119,-0.7536800567614752,0.48206848668710695,-1.1013295911097019,0.11409386682877663,0.307732354651756,0,1
120,0.7728871787537525,0.6248975432783239,-0.8574397144043641,0.29795639234967564,0.7355848382572435,1,1
121,-0.7536800567614752,0.8593488634691554,-2.3770607056468,0.8940784716192878,-0.14451790216879384,0,0
122,-0.7536800567614752,0.6005236192061352,-0.9913123267718664,-1.5224528881000166,-1.7515904135951919,0,0
123,-0.7536800567614752,0.5480476277975103,-0.6076197918498882,-0.18969574626766839,-1.4408824646289,1,1
124,0.405467368971932,0.4561202539052836,0.921274543266019,0.6157326676401944,0.4556508574732927,0,0
125,1.7876143837139904,0.8098906321338968,0.6437754817001425,0.5927360822696206,-0.2776420365632662,1,1
126,-0.7536800567614752,0.7684959596516819,-1.2932898603159344,0.23666183750349376,1.2664510940805123,0,1
127,-0.7536800567614752,0.86898356842367,-1.466975194033046,1.2646419900289185,-1.2789457993584976,0,1
128,-0.7536800567614752,0.7004747231183689,-0.3773129104527893,-0.21018682348263631,0.3061010461787088,1,1
129,-0.7536800567614752,0.6875705256349133,0.3875620772335373,-0.46524582661832653,0.7348076745368787,0,1
130,1.1304471446812183,0.6674539365544218,0.32584267525169636,0.08806816127759627,0.4042690567252032,1,1
131,0.8344278919539974,0.6107660550597919,0.21239970677554282,0.014733813330432048,-0.738303962209747,0,1
132,1.412804385446546,0.6692207000564426,-0.31440563787419745,0.2091090214420297,0.19392043862412384,0,1
133,0.9716923852279794,0.6219851510974088,0.854322487596095,1.0359350958659022,0.706653500931331,0,0
134,1.0482033566052547,0.7845172112402397,0.8012151226000603,1.9887700056272226,2.080020616669075,0,1
135,-0.7536800567614752,0.9082462963773095,0.685332766558367,1.0118043739958182,1.7717830709787226,0,1
136,0.7155590950164082,0.6097973372754837,-1.1247273274024137,-0.4073392158690867,-0.8390837460787861,0,0
137,1.464576888518758,0.8095040208000008,0.519797054283223,-1.315164375195126,1.284033090413716,0,0
138,0.4418465397428268,0.6711346273435962,-0.7557104652545932,0.09834809065837027,0.5084052027252953,0,1
139,-0.7536800567614752,0.5776604179168614,-0.7652979952032823,-0.2510929928287822,0.025947216702485384,0,1
140,-0.7536800567614752,0.5918565750004637,-0.008206482351099541,0.8465542937907562,0.08121368229591007,1,0
141,0.6620838958098904,0.6483926747281056,0.3434467067305112,0.763354816415251,0.5201487502156015,0,0
142,-0.7536800567614752,0.6362960449614252,-1.5236619092876709,1.943152548154172,0.6032491506520296,0,1
143,0.9716923852279794,0.5768143811144814,0.05260609633419282,0.5176344317938575,0.3096312751830392,0,0
144,-0.7536800567614752,0.8309838860687495,-2.4112933711958693,0.3025740524824751,0.4855947949214994,0,0
145,-0.7536800567614752,0.7403762036432759,-0.6420488706579531,0.0414782224838037,1.7247083155250156,0,0
146,1.6240353095554083,0.8067285851734943,-1.3272640559826785,0.6625303997770297,-0.7405253622671965,0,0
147,0.9005641593676484,0.7031030321209638,-0.15415455534271588,-0.5306632921114023,-0.8958176661525219,0,1
148,-0.7536800567614752,0.7580349574670675,0.6749949066955265,-0.182258474428908,0.43942237368384357,0,1
149,1.7938571286323,0.8344213576312751,0.1592037452425958,-1.5914293976009135,-1.1368252868690456,1,1
150,-0.7536800567614752,0.8490570660456571,-0.5640823440327863,-1.3680250945139,-1.514269311615218,1,0
151,0.9716923852279794,0.799084217191012,-0.4491955098206689,-1.0984600520528585,0.5916961427918218,0,1
152,-0.7536800567614752,0.5271206543991203,-1.5228998575249717,0.5918175842337313,0.8426698660474521,0,1
153,-0.7536800567614752,0.6399525293617182,0.22608433335322287,-0.35424793564978063,-1.50139434406119,0,1
154,-0.7536800567614752,0.45402864707135315,-0.20110257952621258,0.2040209290971846,-0.5904324244354061,0,1
155,1.5705849115125163,0.6782327987124113,-1.3231223293400627,-1.1927432475569386,-0.8403306955023336,0,1
156,1.0482033566052547,0.5169114656896937,0.06778421660030652,-0.3965998743193095,0.806573717075289,0,1
157,-0.7536800567614752,0.8298431595842297,2.9791921924348896,2.250314045579142,0.6139981578558165,1,1
158,1.2186708447397634,0.6113132884355093,-0.7384256029039464,-0.7325020703544857,-0.7596238033484704,1,1
159,-0.7536800567614752,0.4912277895020021,-1.0994479377064454,-2.176170334027904,0.57308207996991,1,1
160,-0.7536800567614752,0.6142775634669274,-0.9866222738739764,-1.486232039197168,-0.3173759938770573,1,0
161,-0.7536800567614752,0.43634978519073503,1.7378305733507071,-0.9436579897231475,-3.0022753131825994,1,0
162,1.7287271835733287,0.6025139225776085,1.4514055000707142,-0.5687564723901681,0.08691596601000723,0,1
163,-0.7536800567614752,0.7678849482257479,-0.9075122479594797,-0.6186918527911596,-0.20427071629910956,0,1
164,-0.7536800567614752,0.6233591339342517,-0.8115687816131896,0.607323538637432,0.5745385947183856,0,0
165,-0.7536800567614752,0.3113832689219618,-3.002275313182599,-2.754927513577889,-2.690215780712812,0,1
166,-0.7536800567614752,0.6204594640052428,2.1408513046060946,0.6936606763310508,1.2676008627477715,0,1
167,1.0482033566052547,0.8259457647563146,-0.04477727653032199,0.8819879792521365,0.4001070390467387,1,1
168,1.7938571286323,0.7355019839979009,-0.0680738743504324,-0.2638513340818399,-0.16321471535102122,1,1
169,0.8344278919539974,0.6142775634669274,0.6407468338202301,-1.7946981727866187,-0.5991367842979086,0,1
170,0.7155590950164082,0.7147627950975407,-0.15489260059083151,-0.37677997929691787,-0.32800488806736444,1,1
171,-0.7536800567614752,0.42730944869383297,-1.4945609593691376,0.2864090985337043,0.14731450979904012,0,1
172,-0.7536800567614752,0.48907638700814443,0.343222470680791,-0.6568609083081296,2.5379384329042276,1,0
173,1.464576888518758,0.6910689076348125,1.999996582260617,-0.587980363807907,0.5920839635631161,1,1
174,-0.7536800567614752,0.7266672368554783,0.6917825364881779,0.6836761553843037,-1.6129341843058724,0,0
175,1.464576888518758,0.8616198122903556,-0.9756013744616527,-0.9857798120572968,-0.5432374895339112,0,1
176,1.3621960234959951,0.6352319453694975,0.8588790510156886,2.101131716483547,0.3352720189933966,0,1
177,-0.7536800567614752,0.8653281470836327,-0.9715646836942254,1.1999647579436767,0.48782919249479584,0,0
178,-0.7536800567614752,0.5590645571867564,-0.6597951699663404,-1.464142612723748,-0.07711721408187815,0,0
179,0.5653912808437296,0.6967311481915252,-0.4137958563017407,-0.03775062519660251,-1.123320909148116,0,1
180,-0.7536800567614752,0.7280943433591794,-1.0992239651958027,-0.23050119840739816,0.9336978260306388,0,1
181,-0.7536800567614752,0.6170949917902707,-1.0193014015882327,1.6245607522712735,-0.8442701581874815,0,0
182,1.6944427399079995,0.6628646740590568,-0.5512763378892349,-0.8602898999021836,-1.0125261488151593,0,0
183,1.464576888518758,0.8084807506550683,-0.2418141902902534,0.9159753182144306,-1.3475706324787278,1,1
184,-0.7536800567614752,0.633521933394587,0.1012227499962329,0.2128659037872395,3.0022753131825994,0,1
185,-0.7536800567614752,0.8133846115289864,-2.4112867839111525,-1.098922750283738,-0.3932046727261947,1,0
186,-0.7536800567614752,0.5680855135984411,-0.004514043519642657,0.3097547440927418,-1.6824695912667258,0,0
187,1.6240353095554083,0.679085522230362,-0.09927291775336444,-1.8993769542470713,-1.1104952953912806,1,1
188,1.687492085726637,0.7572741843462383,0.7132562242725463,-1.1343340487013613,0.18176484756906974,1,1
189,1.1304471446812183,0.6607818162508172,-0.43667758951398855,-1.2304821161838801,0.004141591039301031,0,1
190,-0.7536800567614752,0.6197901064274046,0.8359329570364505,-0.10016224323526854,1.1402218304492788,0,0
191,-0.7536800567614752,0.5316784295790201,0.6019433369956505,0.7309622873308733,-0.8800544092293312,0,0
192,-0.7536800567614752,0.7597292763698811,0.8907708990732527,-1.7957719520346294,-0.908832593872178,0,0
193,-0.7536800567614752,0.6254306033769614,-0.0064782792778009125,-2.4768945895234626,0.09214121510055351,0,1
194,-0.7536800567614752,0.6730723385024974,-1.1716429025942827,-0.08761969716595658,-0.0194851457153627,0,1
195,-0.7536800567614752,0.5922500527161112,-0.6694041080940349,0.655361736885541,0.2749693612793006,0,0
196,-0.7536800567614752,0.6254306033769614,1.4460114006793576,0.7417839692533637,0.11629300295222789,1,1
197,-0.7536800567614752,0.7137689899575306,-0.6567530188039039,-0.655431850077808,-0.817020916960113,1,1
198,0.2255696754018174,0.595431372073646,-0.4059116243970268,-0.7396195685655186,-0.3288248707966864,0,0
199,1.1738026149014478,0.704024586053765,2.9749381327991844,-1.0105173635757239,-0.1847758883943178,1,1
200,0.8668969566318641,0.740093502550936,-0.029908348819709933,-0.6781277887378107,0.5979077286310885,1,1
201,-0.7536800567614752,0.6610736139549683,0.08969944630500172,-0.3353873616994336,0.15424617225510573,1,1
202,-0.7536800567614752,0.7850096323207544,0.35183550125236407,-0.0646585317414473,1.5273610286059665,0,1
203,-0.7536800567614752,0.5875437445176533,0.723142177530064,-0.13658264851650853,0.5420952497928937,1,0
204,-0.7536800567614752,0.7554363090956909,0.25595824975882653,-1.6933960530517902,-0.1321138485693181,0,1
205,-0.7536800567614752,0.793137928339648,1.8393480554136254,0.3269265812864328,0.3464046915105368,0,1
206,-0.7536800567614752,0.7970913089189707,0.36219858095023283,-0.07855614613609263,-0.16000994632219337,1,1
207,-0.7536800567614752,0.8298431595842297,1.4034405665439393,-0.06103404678441668,-0.022190909617973927,1,1
208,1.5172804441476788,0.6932160204077125,0.22614009091307707,-0.4014127819695445,-0.2979864838564193,1,1
209,0.7728871787537525,0.4815900009942842,-0.23372168291436293,-1.240161534992519,0.17410107390050675,0,1
210,-0.7536800567614752,0.4786686603729315,-0.34476055924388105,0.5971351647318915,0.8339822125508446,0,1
211,-0.7536800567614752,0.6849492719768474,0.22617204149711156,1.2136972664374126,-0.26140267252329563,0,1
212,-0.7536800567614752,0.7597840276935526,-1.266154147719148,-0.16826451045394217,-0.6822548193959411,1,0
213,-0.7536800567614752,0.8362653225767153,-0.5676246657290019,0.6909277817221755,0.6400653379734564,1,1
214,1.7876143837139904,0.7766546367089411,0.8836953220058206,-0.1087688174816591,0.9949812844540147,0,1
215,-0.7536800567614752,0.4903558652878539,0.9173454295953697,0.4478176283091093,-0.7434720983273244,0,0
216,1.2650489771921665,0.5789914464627156,1.0738616129364271,-0.7836868495006728,1.3467330890389915,0,1
217,0.7728871787537525,0.7031030321209638,-1.531696146297132,-0.34200237086900603,0.2147324348090543,0,1
218,-0.7536800567614752,0.47374228851415723,-0.6794990813461966,0.42553400564215477,-0.6149987970756225,0,0
219,0.6620838958098904,0.3137973381351058,0.70629433042022,-1.198405094824523,0.3138317925926165,1,1
220,1.778122200898229,0.7167455693012293,-1.4810097247295717,1.3186708956438202,0.008143371856774832,0,0
221,-0.7536800567614752,0.82972670931258,0.829722994746871,0.8209780038244066,-1.1277608324238224,1,0
222,1.3621960234959951,0.42983252943231354,1.223404125057523,-0.261422335716131,0.2222530643332287,0,1
223,1.5705849115125163,0.46225412269157495,0.13739338455382988,0.5794763903504463,0.31973866517201005,1,1
224,0.7728871787537525,0.7280943433591794,0.9454371037577318,-1.1909489080199407,0.2569519142775584,0,1
225,-0.7536800567614752,0.8524687604090646,1.1813109206494563,-0.06379204232182702,-0.4712519863245079,1,1
226,0.7728871787537525,0.5925754169806037,0.3656500325328132,0.2538447039070226,0.38097224740190755,1,1
227,-0.7536800567614752,0.6305218988942309,0.11582239234584894,0.28247303631765946,-0.9545576193121951,0,1
228,-0.7536800567614752,0.6209238511607672,0.3552635155143279,0.5477175489507874,-0.8506790105202381,0,1
229,-0.7536800567614752,0.6590177018954106,0.38809794247064516,0.2254210999099668,1.809815410172304,0,0
230,0.9716923852279794,0.679085522230362,0.6258773501121259,-0.1556241551292676,0.1650976145843454,0,1
231,1.464576888518758,0.7135080584534755,0.33650498683286345,-0.4212111933302576,-0.24209819979883423,0,1
232,-0.7536800567614752,0.6109133720102564,-1.968819975666708,0.7011624087000413,-0.958624761054535,0,0
233,-0.7536800567614752,0.5612174948501648,0.903653444725899,1.4593729628788688,-0.2604714004460841,0,1
234,1.3129103132998245,0.8029656967635586,-0.20222503361851946,0.8442091288301331,0.29455724495682645,0,1
235,-0.7536800567614752,0.5417493507830772,-0.5476089984887561,-0.5142432207422118,0.7423607661956205,1,0
236,-0.7536800567614752,0.6610736139549683,-1.4781293214389781,-1.9798137348590639,-2.0724019950579304,1,1
237,1.823911837442935,0.9004478654402621,0.7417633121238757,-0.14444520112760287,0.2869405003383813,0,0
238,1.412804385446546,0.6399525293617182,-0.6671152412330611,0.18069836714535342,-0.17535962916782935,0,1
239,-0.7536800567614752,0.42730944869383297,1.0421019359527057,-0.5266575117746402,0.3186119192507876,0,1
240,-0.7536800567614752,0.5608556067438722,-1.6073173784395403,-1.4224523444940598,-0.9631490120156023,0,0
241,0.9005641593676484,0.7530434767874326,-0.2178086946745026,-0.02783465029098727,-0.23652288049227144,1,1
242,0.7155590950164082,0.7439853860971238,-0.5883442378652358,0.8257660450341041,0.4234501268306362,0,1
243,-0.7536800567614752,0.8133846115289864,0.5639167768591349,0.07583174159699012,-0.6717718793514251,0,0
244,1.6240353095554083,0.7976778875803961,-0.770907172886541,-0.6150550366764582,-0.5616208505476793,0,1
245,-0.7536800567614752,0.5393113531190685,0.6006327086723631,-1.2142117529546066,-0.6550336174565718,1,0
246,-0.7536800567614752,0.7905004445839868,0.23161838609977486,1.6727951560892709,-0.6910096361597995,0,1
247,-0.7536800567614752,0.7850096323207544,-0.7850769346465895,-1.6043137080276375,-1.6997674587101392,0,0
248,0.4804875924813363,0.7052392607975935,0.07082344222436225,0.44537846536010095,0.7175736992585358,1,1
249,-0.7536800567614752,0.7266672368554783,-0.18757617034738988,-0.5201421853000564,1.2825960773290621,0,1
250,-0.7536800567614752,0.6320077482173011,2.2714576999168568,1.0303206673768748,0.4471160334815499,0,1
251,-0.7536800567614752,0.49162123095596616,1.603944609988875,1.3570573624016438,-0.022151162723286533,0,0
252,0.8344278919539974,0.6027478688870427,-1.0684810162206972,0.0352582219465184,0.2808013703859137,0,1
253,-0.7536800567614752,0.6524936880325747,-0.88770417543606,1.3551535804499257,-0.5660100187567461,0,0
254,-0.7536800567614752,0.8329527058653958,0.3081178038401032,0.40711843745157245,0.9134719154523085,1,0
255,-0.7536800567614752,0.42402735157206606,-0.1833759090469164,1.1207698462104738,-0.5432806520263563,0,0
256,-0.7536800567614752,0.4902282715944788,-0.8629367654642869,0.4853641331391899,-0.7354155075401195,0,0
257,-0.7536800567614752,0.5324363469539947,2.583031958000239,-0.9739080295530802,0.31957283719503865,1,0
258,1.6594548955097255,0.6707780997365252,2.8056313685456185,-0.6036266164539766,-0.34878818407952034,1,1
259,-0.7536800567614752,0.6111697453398679,2.0334077396897223,1.2259707892636025,-0.7295559749846194,0,0
260,-0.7536800567614752,0.839940001456585,-0.835358133532916,0.7373381592167533,0.3787240817626999,0,1
261,-0.7536800567614752,0.8593488634691554,-1.4012893382933618,-0.8236116203594678,-0.7168006712405219,1,1
262,-0.7536800567614752,0.6875705256349133,0.35640656880386296,0.6834897534714199,2.124913836887556,0,1
263,0.27915702785767776,0.5442317857349233,0.4455372435458678,0.6457141522171495,2.7318282417602946,0,0
264,-0.7536800567614752,0.5809582246729773,0.3691379043220147,1.6384405169326872,-0.9301855641184471,1,1
265,-0.7536800567614752,0.8286644923038358,0.23755362464505425,-0.4837271915788794,-0.20886787301748239,1,1
266,1.464576888518758,0.6439216211916675,-0.4431963396316801,0.8429061199728217,0.13106395062257553,1,1
267,0.6121292411689686,0.5292754493273144,0.1826814326323457,2.956630050087383,0.18629882160574532,1,1
268,-0.7536800567614752,0.5079035990702194,0.8798502372778858,0.08382687132043014,-0.731086325349268,0,1
269,1.412804385446546,0.6209238511607672,-0.29673131739639624,0.9649688716911307,-0.9336458833199894,1,1
270,-0.7536800567614752,0.602338621235883,-0.7461503879070932,-0.06260738443003762,-0.07652034927685539,0,1
271,0.6121292411689686,0.6642303186210541,-0.3269326872401237,-0.1405852210397897,-0.1463626452412433,0,0
272,-0.7536800567614752,0.7803506301780748,-0.22260226022603652,-0.4037587829539753,-1.2201498058869245,0,1
273,-0.7536800567614752,0.44070652877451477,-0.8742162421805886,-0.548384072097196,-0.42463969529455114,1,0
274,1.464576888518758,0.86898356842367,1.1760783121532237,-0.5405981150242567,0.2703120441833426,0,1
275,1.801558324253291,0.5863305525689165,0.25463947045766194,-0.22360934993753742,0.20509411365964753,0,1
276,-0.7536800567614752,0.7413812942372907,-0.32598061772711656,1.4623417479656364,1.0286507430064582,0,1
277,-0.7536800567614752,0.39629120817208563,-0.8893324382406026,0.05404405555429054,-1.3585784511662342,0,0
278,-0.7536800567614752,0.4795251403669052,-0.4110811107663085,-0.7340054667453533,0.6987147829147708,0,1
279,1.7287271835733287,0.5934078252979254,0.5725945097485875,0.5769363230672228,-3.0022753131825994,0,1
280,-0.7536800567614752,0.5475706046858144,-0.900118315945427,-0.8053753067011689,-2.157200525665861,0,1
281,1.5385524716888117,0.5776604179168614,-0.49911845075650774,0.8319777432595099,-0.7033701653168613,0,1
282,-0.7536800567614752,0.7413812942372907,-0.09390989035666611,0.3976814716208236,0.1474774523446633,1,1
283,0.4804875924813363,0.6718043045921199,-0.07668690537743358,2.066798614377422,-0.16131356935308952,0,1
284,-0.7536800567614752,0.7325984945264816,-0.3480159263668821,-1.7368250956026785,-1.3597405661393374,1,1
285,-0.7536800567614752,0.7804920325619664,-0.8947814554085146,-0.12320098446496734,0.9077410256511635,0,1
286,-0.7536800567614752,0.8393692259011285,-0.7081505128789888,-0.9385346067314911,1.4638671598463624,1,1
287,0.9005641593676484,0.4797251200394096,-0.4266930171041379,-0.4760078185658022,1.1122562690395599,0,1
288,-0.7536800567614752,0.557703369120761,1.3510770039864393,0.8736246753964237,0.2074445941449161,0,0
289,-0.7536800567614752,0.7107842928617756,-0.8407474449455671,-0.37500633099174974,0.5289276787554046,0,0
290,1.1304471446812183,0.5465040981605348,-0.03979473882323376,2.391625803786844,2.0003051054277234,0,1
291,-0.7536800567614752,0.8329160898340373,0.4062066066687299,-0.028997247858779846,-0.8016829848655332,1,0
292,1.0482033566052547,0.7905004445839868,0.031652475677416275,0.05747209441109292,0.19069426567723285,0,1
293,-0.7536800567614752,0.43634978519073503,-3.002275313182599,-0.0725941794478248,0.5440405633367271,0,0
294,-0.7536800567614752,0.722609016866606,-0.07975908353598342,-0.6715644245162484,-0.2806970827352664,0,1
295,-0.7536800567614752,0.7890389767077014,-1.2537157735052895,-0.8572143956383277,-0.3687669535218137,1,0
296,-0.7536800567614752,0.3724059040747778,1.437480982390598,-0.29058049127237506,0.5745767861321078,1,0
297,-0.7536800567614752,0.7096439993319863,-0.18231787098074476,0.09444796067067239,1.1031194308356214,0,1
298,1.6944427399079995,0.9112175490166203,0.30649250432263003,-0.5053449433182832,-1.1563445285384886,0,1
299,-0.7536800567614752,0.6965896004164789,1.7134125050300981,-1.1134932264967594,-0.6877826728521993,0,1
300,0.7155590950164082,0.7133415919733551,0.22559426246029154,-2.4770644383293043,-0.8308818960933012,0,1
301,-0.7536800567614752,0.6193770806687775,-0.26315584964501193,-0.3481375934712377,1.5359222170682827,0,0
302,1.9239758716339692,0.7395372807108378,1.8244126362447837,-0.27867864852267193,-1.8994220194144416,1,1
303,-0.7536800567614752,0.272994438488472,-0.6489462119433096,0.9637443979678914,-0.7341457774711044,1,1
304,-0.7536800567614752,0.629356503845832,-1.9582568562236327,-1.106155491139039,-0.5539514644539816,1,0
305,1.4908303452571825,0.5809582246729773,0.5542360759641869,0.20417742584184198,-0.3956691758275355,0,1
306,1.1304471446812183,0.8329527058653958,-0.15743469766479648,0.8540889359024063,1.0121804711153228,0,1
307,-0.7536800567614752,0.6111697453398679,-1.0711376886513266,1.5615710519980526,-0.27955582420706493,0,1
308,1.5172804441476788,0.703478111483777,-0.9322717569156842,0.8219512095686861,0.09256385384155508,0,1
309,0.8344278919539974,0.8985324304292038,-0.5805316640133904,0.19491396901268793,-1.2735294930162548,1,1
310,-0.7536800567614752,0.46704296573652904,0.9797694042314633,-0.6740073010478604,2.1403000929232605,0,1
311,1.4472026671976572,0.6113132884355093,1.5239790704808414,-1.2782983401805892,-0.45745354639736224,0,1
312,1.5527751622176944,0.8074593276888347,-0.7991965258821269,-0.8829918566348943,-1.0194621362534153,0,0
313,-0.7536800567614752,0.7682025666205472,0.12952328500232793,-0.21083733391868859,0.5691938182361784,0,1
314,1.6240353095554083,0.9999999999999999,0.3776060665830125,0.8315395914153915,-0.41358392780744024,1,1
315,-0.7536800567614752,0.8218936081871084,-1.7422209887016091,0.3183723511322889,0.3268437159407319,0,1
316,-0.7536800567614752,0.5516215960629123,-0.7203402929597715,0.50609686466935,-1.2461730289008628,0,0
317,-0.7536800567614752,0.6889810436811122,0.7979624846055511,2.1327145319561613,0.6518637169521164,0,1
318,-0.7536800567614752,0.3113832689219618,0.4304916957151965,0.6936565324187309,0.03541434693093054,1,1
319,0.9005641593676484,0.5308455435846313,-0.11530863049776303,0.6404066432316259,0.5790573725343758,0,1
320,-0.7536800567614752,0.8652147037965687,-0.8343017518778114,-0.5822779353711253,0.45617484511280915,1,1
321,-0.7536800567614752,0.5665203958826892,0.08162531073487679,-0.8004917828932685,0.6143752423317365,0,0
322,1.9506074461037954,0.7951957819219213,1.6212210077672526,1.169040799633125,-0.243707415115871,0,0
323,-0.7536800567614752,0.575336960048175,0.009201824703831478,-0.8007716360846266,-1.4588424214318927,0,1
324,-0.7536800567614752,0.6314564242124561,0.44939408865001934,-0.9630200296996921,1.2330474032881915,1,1
325,-0.7536800567614752,0.6396513884918161,-0.29105901586908334,-0.015952418521788223,0.2849060331780554,1,1
326,0.521593991067757,0.5687764319269188,-1.2591658762450628,-0.2531579994072744,0.7546561846520844,0,1
327,1.3129103132998245,0.7728100479923754,0.1589850974165839,-0.5660307756923144,-1.1807034765072228,0,1
328,-0.7536800567614752,0.7012087588539969,-0.620109983353326,1.280957912116149,0.5919768766203286,0,1
329,0.9716923852279794,0.793320015959082,0.4534406289556098,-1.033760086503164,1.0730659422512892,0,0
330,-0.7536800567614752,0.7199441913762097,-0.2010905715798274,-0.4834098310626993,1.2590423351564437,1,1
331,0.9716923852279794,0.691163341409411,-0.21077705791086135,-0.17835854627976838,-0.5425463195067477,1,1
332,0.521593991067757,0.7548808045028443,-0.6085917836962077,-1.24941550118551,1.1656182399886137,0,1
333,-0.7536800567614752,0.6511152035553048,0.18877828332536487,0.08818605098954323,0.8652143910677775,1,1
334,-0.7536800567614752,0.6311441768613755,1.169136857414966,-0.875571756638691,-0.6048802817412728,1,1
335,1.5705849115125163,0.6440750242707544,0.6531692401746434,0.6781387156374353,0.34025938772958164,1,1
336,-0.7536800567614752,0.7487587138148283,-0.704590351407889,1.3208346551517811,0.6198468346886248,0,0
337,0.2516659785972817,0.5683700183722266,2.4203783339846185,-1.6411682207742244,-0.16944102506230824,1,1
338,-0.7536800567614752,0.6403019775746801,0.8964955246590314,0.30102433561805486,-0.6625067576952257,1,0
339,0.8344278919539974,0.6077811039574263,-0.3831642397271266,-1.2396142441513727,-0.8630362942277828,1,1
340,-0.7536800567614752,0.7728100479923754,1.4934942396394562,1.0081421461358868,1.1854152400311821,0,1
341,-0.7536800567614752,0.5612174948501648,0.9686623953538969,0.9829339574595799,-0.22862312799045267,0,0
342,-0.7536800567614752,0.5912294192021637,-0.1452046412079641,-2.5434105518765513,0.7398900266674036,1,1
343,0.09322984253300434,0.6607818162508172,-0.28033154862754894,-2.012755584130416,-1.4132146503610132,1,1
344,1.412804385446546,0.4802974202016753,-0.045113797657624286,-0.3451705959857558,-1.3287332004315122,0,0
345,-0.7536800567614752,0.5480476277975103,-0.7010735018723941,-1.6053020663598154,-0.6060714484156547,1,0
346,1.5973260547680255,0.8067285851734943,2.6449710714858674,-0.2961306134876317,0.14925801522838553,1,1
347,-0.7536800567614752,0.39920809078330155,-2.16189488303431,0.16441603511708205,-0.4181814033996737,1,0
348,-0.7536800567614752,0.8222345800418064,1.2714756991308982,-0.44865065995672826,1.5586203861064793,0,0
349,-0.7536800567614752,0.6328973487248862,-0.10580550269937489,0.18295247455646002,-0.7319606243786039,0,0
350,-0.7536800567614752,0.7431021270994861,2.11234187554737,-1.098306627645126,-0.6870874413960086,1,0
351,-0.7536800567614752,0.7991442195525634,0.04558489988472841,-0.6247895651654828,0.616589217893773,0,1
352,-0.7536800567614752,0.44070652877451477,0.380129772784824,1.2267638499401554,-1.0426203094655286,0,1
353,-0.7536800567614752,0.6642303186210541,0.08948071928769467,0.9872760395411917,-0.016752878523724292,0,0
354,0.9716923852279794,0.6863960339823999,-0.6461002790945427,0.6757096880973947,0.5967510388901055,1,1
355,-0.7536800567614752,0.793320015959082,-0.1333636245499216,-1.2310302781757383,0.48352364896867095,0,0
356,-0.7536800567614752,0.7970913089189707,-0.6179260283525067,0.5668222295851499,0.7231521861532013,0,0
357,0.8344278919539974,0.8249799036252122,-0.3723819325039453,0.3863281558057598,0.10838127777909888,1,1
358,-0.7536800567614752,0.7887744364538124,-0.12866047687822868,-0.6427526233807205,0.7814032209001325,1,0
359,1.6240353095554083,0.5188242783558853,-0.14976686590242727,0.5236788289695022,0.016085377867562325,1,0
360,-0.7536800567614752,0.5809582246729773,-0.40342706753926155,1.1847971841044151,-1.4896688111859977,1,0
361,-0.7536800567614752,0.6730723385024974,2.334507041494659,1.1077861228333903,-1.443168439644768,1,1
362,-0.7536800567614752,0.5837477664041902,-0.8226764676424126,-0.009269680802293822,1.072244039209162,0,1
363,-0.7536800567614752,0.7682025666205472,-0.007439947181461607,-1.0241900136472548,-0.4649963572209954,0,1
364,-0.7536800567614752,0.6849492719768474,0.25794338093978403,1.709077843380666,0.008978906555806953,0,1
365,-0.7536800567614752,0.7543682873545627,0.23823474673060333,0.3088605776411868,-0.835121047597658,0,1
366,-0.7536800567614752,0.640889985174976,-0.5035995749754587,0.5406195183054572,1.1491602328124328,1,1
367,-0.7536800567614752,0.5911317891024953,-1.499329548680861,0.05824320440193651,-0.6332480024854302,1,0
368,-0.7536800567614752,0.5999037586308339,0.6353598843480277,-1.4270095831273926,-0.43946702776901825,0,1
369,0.8344278919539974,0.6806216406079345,0.28208768625062847,0.7302391715629307,-0.7126946128600258,0,1
370,1.874545543429733,0.6424199230293471,1.3405841119168542,-0.5411042515193975,-0.9861754138572378,1,1
371,1.464576888518758,0.6996605074806039,0.5804504419323093,0.827701553613815,3.0022753131825994,0,1
372,1.8766908033917307,0.8222345800418064,1.5525437463632559,-0.9028162056417639,-1.10813597580112,1,1
373,-0.7536800567614752,0.45598346159272696,0.7561653883573328,0.7195176483355692,0.9070908203546137,0,1
374,-0.7536800567614752,0.6156654291323342,0.4650472869462112,-1.724204065425778,0.2970454098775164,0,1
375,0.13324893651989472,0.6278883947103644,0.04177508137832896,-1.8755330553826417,0.516208154636461,0,0
376,-0.7536800567614752,0.6828147320078725,1.3272966078574744,1.9028529212885064,-0.5382626683537858,0,1
377,-0.7536800567614752,0.7543682873545627,0.6850970866606101,0.6611757591808299,0.6662035414206038,1,1
378,-0.7536800567614752,0.5488434744766371,-0.7375853858765501,0.7840736200911668,0.16763863660744874,0,1
379,0.7728871787537525,0.8337971765528833,0.5978573558269218,2.065270007923868,-0.12676720250761744,0,1
380,-0.7536800567614752,0.5864970619881277,0.39807528967839273,2.22339261183945,1.20751427971845,0,1
381,1.6240353095554083,0.7026569513886214,0.20549096989623744,-0.6469440629085397,0.5320051309402253,1,1
382,1.464576888518758,0.5794160517952263,-1.655956281275304,0.46518808912771226,-0.3758550833819278,0,1
383,-0.7536800567614752,0.8286644923038358,0.19528403345237794,0.4855422683631227,1.1483480230191545,0,0
384,0.6620838958098904,0.7572741843462383,1.6096475585385681,0.3911600851719402,0.4490408545847719,0,1
385,1.2650489771921665,0.712602160791594,-0.35991002263075944,0.8915796118682701,-1.1836740359642557,0,0
386,1.6240353095554083,0.845123096162556,0.5312598615727893,-0.03895278609771813,0.6814342778994525,0,1
387,-0.7536800567614752,0.6875705256349133,0.7326304528413276,-0.5677444950575702,0.031027618248892427,0,1
388,1.94990735566527,0.5598091112196728,2.0730944049086824,-0.8922783623262066,-1.3397756483551044,1,1
389,-0.7536800567614752,0.4795496249824055,-1.0839493823885775,-2.365191472553889,1.7657574484576837,1,1
390,1.2650489771921665,0.6996605074806039,-0.9531643327755969,-0.5506426844848361,-2.4048248860708963,1,1
391,-0.7536800567614752,0.5402371155264893,-0.3397885228486913,1.1498613535678504,-0.3424116322243606,0,0
392,-0.7536800567614752,0.5996845045682864,-0.4407697380321663,-1.4911578334917877,0.22126194075889521,0,1
393,-0.7536800567614752,0.7493180324147082,-0.4445610980022578,-0.4039902069565892,0.7527740903013349,0,0
394,0.9005641593676484,0.48991587033911965,-0.49535691213811367,-3.0022753131825994,-1.0589203697196035,0,1
395,1.7938571286323,0.5794160517952263,0.5376077833965175,-0.6270377745732519,0.078741969205453,1,1
396,1.2887970560211817,0.5176038944348877,0.4887731688270464,-0.4917543043684929,1.0820828786728904,0,1
397,-0.7536800567614752,0.7830957503952075,-0.39746809690851065,1.1263783950349446,0.7651891612900906,0,1
398,1.1738026149014478,0.6910689076348125,0.6053649091368819,2.012852974985473,0.13494683797196463,1,1
399,-0.7536800567614752,0.42705647240983247,0.8447659813973916,1.8195782122275794,0.728143325739359,0,1
400,1.412804385446546,0.6846145717167437,2.1947861582928656,-1.2643216345463075,0.2813292706295969,1,1
401,1.2186708447397634,0.6932160204077125,-0.438786634303009,1.1137358441711611,0.842547822052405,0,1
402,1.9491388972384391,0.6531144114429808,-0.7366254669380582,0.9285910367080497,3.0022753131825994,0,0
403,-0.7536800567614752,0.7487902658508582,-0.8686997856577192,-0.3374959796379927,0.4604897144962788,0,1
404,-0.7536800567614752,0.7513359364327793,-0.5215347013886457,0.8030582300144663,-1.3000506501848659,0,1
405,1.5884121708635097,0.6628646740590568,-1.2099765855857894,-0.6646763152989803,-2.1838218722785703,1,1
406,-0.7536800567614752,0.6809436807761988,-0.7988957974829645,1.177867147268149,-0.14458320447797998,1,1
407,1.5705849115125163,0.6287269634977279,-0.2453033012716651,0.3961938746169569,0.1419514267999118,0,1
408,1.8516877924542285,0.6515407404572303,0.06726633191829799,0.5119575751699571,-0.786293713120667,0,1
409,-0.7536800567614752,0.3113832689219618,0.046616565304490674,-0.8513841941317383,0.4782411908063004,0,1
410,-0.022531094625732682,0.515087982806089,-1.1945203132833313,0.8449807503014453,1.4350097822895804,1,1
411,-0.7536800567614752,0.8329160898340373,1.5492814994998272,2.798907988369053,-2.4083191084923325,0,0
412,-0.7536800567614752,0.49901554437812023,-0.9452414982513263,-0.07854397802919341,-0.9567692958096053,0,0
413,-0.7536800567614752,0.6642303186210541,-0.06974019602873638,0.18194410888029225,-1.8048413265665255,0,1
414,1.7287271835733287,0.7548808045028443,1.1704328715602528,-0.32354521743749826,-0.4692065240765655,0,1
415,-0.7536800567614752,0.8273443306864361,-1.19000568149457,1.0827513917667069,0.3096200473591827,0,1
416,-0.7536800567614752,0.7031706495657222,-0.0028497569026218472,1.0458949414416525,0.14909041216205038,0,1
417,-0.7536800567614752,0.7572340954423076,-2.4078716250289496,-0.6502598652585151,1.2599874192388538,0,1
418,-0.7536800567614752,0.7586177484582647,-1.1052335036699774,-0.6315671512479393,0.5004528094453545,0,0
419,-0.7536800567614752,0.5596565043274621,-0.3167214918687723,0.7525310607591383,-0.8815345259847771,0,1
420,-0.7536800567614752,0.7804920325619664,1.6790841427030763,-0.7784108405432393,-0.7301109853163039,1,0
421,-0.7536800567614752,0.640889985174976,-0.44501659743591176,-0.11943354625115471,0.5696526079443676,0,0
422,-0.7536800567614752,0.5680855135984411,0.17808217298631165,1.0277204527399129,0.08892872197294314,0,0
423,-0.7536800567614752,0.6711346273435962,0.23052185493575414,-0.4461671837025268,-0.9528166449754946,0,1
424,-0.7536800567614752,0.8273443306864361,1.147162576104551,-1.5495237551226353,-1.6963824501046154,1,1
425,1.745507745676843,0.7655948012540386,0.5280556507550959,-0.5572877867167466,2.4315088429575584,0,1
426,-0.7536800567614752,0.6867757471124291,-0.4555709968120916,-0.20236101893458727,0.8311718689751763,0,1
427,-0.7536800567614752,0.7572340954423076,-1.3352259015088657,1.3273709223232864,1.1429662480454783,0,1
428,0.9005641593676484,0.7088224420545081,-0.07219982409489968,0.558306861242255,-0.33767355465049315,0,1
429,-0.7536800567614752,0.7830957503952075,0.6217037951361679,-1.0007656421747897,-1.0429649114393633,0,1
430,-0.7536800567614752,0.5942008636345011,0.09354109750777345,0.23323076845962096,-0.07968655794468853,0,0
431,-0.7536800567614752,0.7778463589033542,-0.05492407061887479,-0.7969366427943766,1.8034586733119138,0,1
432,-0.7536800567614752,0.73143880054461,1.6669518620940227,-1.7419939560587596,0.6398801992543328,0,0
433,0.6620838958098904,0.6709301744679569,-2.2772961768372246,0.4025743294521134,-0.3826568865629819,0,1
434,-0.7536800567614752,0.7803506301780748,-0.979357453648094,0.46252265032682827,0.6305417242184806,0,0
435,1.9506074461037954,0.5228907218823673,2.2757702622718154,-1.3351521182661403,0.44570770161329926,1,1
436,-0.7536800567614752,0.5670774531864242,-0.9683995148289276,1.6626685754882746,0.620094169254067,0,0
437,0.9716923852279794,0.7970527157148273,2.256749843356461,0.17170396182949535,0.18718952760647142,0,1
438,1.6240353095554083,0.3724059040747778,1.7311507622031135,-1.0759827865890914,-1.5313036492041185,0,0
439,-0.7536800567614752,0.4469372583501138,0.2646123024137584,-0.0041252316682887724,-0.43005616238675387,0,1
440,0.8344278919539974,0.6467538825225866,-1.5723130094555138,-0.3615774990649153,-3.0022753131825994,0,1
441,-0.7536800567614752,0.6622275876976496,-0.6307275142517944,0.4524105858576285,-2.4547266375330885,0,1
442,1.5527751622176944,0.7761915837026907,1.4260033567199257,-0.0005510703743804798,0.030032711029445443,0,1
443,-0.7536800567614752,0.8447081456343899,-1.047975979449295,0.1348073237793736,-0.13951572191931258,0,1
444,-0.7536800567614752,0.7431021270994861,0.6781566506027301,1.3477842046637765,0.06686638843257146,1,1
445,-0.7536800567614752,0.43448971360568117,1.1168978922423485,0.2596228595680272,0.03741880538180654,1,1
446,-0.7536800567614752,0.5470072174194774,-0.698178345633725,-0.158699388529075,-1.8214224983980314,0,1
447,-0.7536800567614752,0.6632256979311338,0.12683450341567565,-1.1400936786872018,-0.6136818364607385,0,0
448,-0.7536800567614752,0.6621196745436646,1.6563000398701726,1.0640930633025492,0.2314504916940591,0,0
449,-0.7536800567614752,0.5167569510440003,-1.2528164449821662,0.1180899943730077,1.7703306934563525,0,1
450,0.7728871787537525,0.6581911068944166,-1.35027778965164,0.08294287339996553,-1.5841290736657043,0,1
451,-0.7536800567614752,0.5868956778938852,0.3035504724581756,1.034134472467692,-0.6669159729919459,0,1
452,-0.7536800567614752,0.6621196745436646,-0.29791269561134137,0.17036706687284855,-0.3665981953507849,0,1
453,-0.7536800567614752,0.7217491624525199,-0.7754060342695593,1.412996618046656,0.6663705076932612,0,0
454,1.3621960234959951,0.8218936081871084,-0.08885165149660172,0.466248698841864,1.5324896588998884,1,1
455,1.9496108573180595,0.45915036668995945,-1.0814629205702502,-0.8803555942402523,-1.4626123928684498,0,1
456,1.5172804441476788,0.7685676051850809,0.8507988432143616,-0.34226701929826836,1.3512085039171384,0,1
457,-0.7536800567614752,0.8139810935319668,-1.1130415980039,-0.30408897423134423,-0.5278728383655964,0,1
458,-0.7536800567614752,0.7513359364327793,0.5628520847119495,-0.0907254140733824,0.3782891709593561,1,0
459,1.9310910055340142,0.6628592108389956,-0.2104854643474865,-1.1438532115724402,0.03755549585735377,1,0
460,1.3621960234959951,0.8222345800418064,-0.005079522533053642,-0.3778348803711762,0.5102936197247298,0,1
461,-0.7536800567614752,0.6867757471124291,-0.5466289524073474,0.3973163935621664,1.2873320358221372,0,1
462,-0.7536800567614752,0.6007916787690224,-0.8283119321968486,0.4552503316190571,0.5180529747870302,0,0
463,-0.7536800567614752,0.7215079144277352,0.1752738656354222,0.31112619504572675,0.4881129275556141,0,1
464,-0.7536800567614752,0.6598460870784963,-0.8920305496233897,1.2345420932348972,0.2969144308747416,1,0
465,-0.7536800567614752,0.5079497963186371,0.478590356353722,-0.7516530067638256,0.4230033320513456,0,1
466,0.9005641593676484,0.5176038944348877,0.3408296431496487,0.40739168874913645,-0.3994934493672875,0,1
467,1.3129103132998245,0.683297944041674,1.3504956133552979,-1.0851734192858782,0.3917808688551877,1,1
468,0.7728871787537525,0.7746650636773197,-0.8675118763202673,2.021949478989477,-0.7689178600404262,0,1
469,-0.7536800567614752,0.6504462732616418,0.11418510144751805,-0.10070838101961685,0.518913131487366,1,1
470,-0.7536800567614752,0.42402735157206606,0.4120094588298237,1.3799819260042665,1.0226021603675943,1,0
471,-0.7536800567614752,0.75546291579334,0.09630733707661736,-0.5175897831918388,-0.2141824871792442,0,0
472,-0.7536800567614752,0.6566797791332738,-0.9527009838345232,1.8620404836736064,-2.28144277557045,0,0
473,-0.7536800567614752,0.7003556875780613,-0.38534196155288064,-0.5290470216974109,-0.31142563544055574,0,1
474,1.3621960234959951,0.583869528936962,-1.8870581824895294,1.0636285573170656,1.1204156323996493,0,1
475,0.9716923852279794,0.3724059040747778,-0.6311552738937128,1.638208319649187,0.6182549707925784,0,1
476,-0.7536800567614752,0.5470072174194774,1.0517782260466122,0.5292762939067356,0.9349941157451905,0,1
477,-0.7536800567614752,0.5854566668834387,0.05250104240743554,0.38295593557273355,1.4791116930439507,0,1
478,-0.7536800567614752,0.8712627043163826,0.12149697021265819,-0.6324377102240708,-0.7817799854415827,0,1
479,-0.7536800567614752,0.48307549056513555,0.019770780274309674,0.12930681092695723,-0.45027217829046295,0,1
480,-0.7536800567614752,0.6277594998804963,-0.38296052480991716,0.5574518866276034,0.8450316347647473,0,0
481,1.1304471446812183,0.7754497319198108,0.6564451587046829,-0.8804881786054494,-1.2562735344289546,0,1
482,0.9005641593676484,0.4453808863390779,1.9103826729501745,-0.8592472527588109,-0.6217070986616041,0,0
483,1.5172804441476788,0.683297944041674,0.018690142898599126,-0.05474516138116082,0.9470565732937894,0,1
484,-0.7536800567614752,0.30126556843081354,1.2895477263838795,0.014588128025560287,-0.35853767276960247,1,1
485,-0.7536800567614752,0.8298431595842297,-1.0662347681797617,0.22843048197568452,-0.5822434155632505,0,1
486,-0.7536800567614752,0.8524687604090646,-0.6026713966494913,1.4259964282808222,-0.3259270973940304,0,1
487,-0.7536800567614752,0.5271206543991203,0.42820951945922714,-1.2358025688270755,-1.725909686545368,1,0
488,-0.7536800567614752,0.5008468187533438,-0.2050427771234218,1.8718830178435575,-0.5571677210059442,0,0
489,-0.7536800567614752,0.6107660550597919,-1.6913865265094348,-0.918900049077841,0.5388304767111525,0,1
490,-0.7536800567614752,0.693328094740522,-0.532121635370523,-0.7955201360664148,-0.11577180946674043,0,1
491,-0.7536800567614752,0.7439853860971238,-0.22904228154355585,0.8250541952705633,-0.10604717220830977,0,0
492,-0.7536800567614752,0.5649696946848648,0.7014307051944308,-1.1058851167124566,0.16803131384998155,1,1
493,-0.7536800567614752,0.680889514905585,0.6466229816573018,-0.36690312292862043,-1.2478291907533934,1,0
494,0.405467368971932,0.7291606449436487,0.3557038099822657,-0.976217425246613,-0.1326143307081649,0,0
495,-0.7536800567614752,0.4903558652878539,-0.6966764717781438,0.754631223596071,1.7069685894005913,0,0
496,1.412804385446546,0.8877471625365994,-0.3528496794232235,-0.4787157865998445,-0.5766185084351985,1,1
497,1.3621960234959951,0.6204594640052428,-0.13464491481439925,-0.7934170178017851,0.5912844197883371,0,1
498,1.834621000286958,0.7522526472565829,1.5575669367901008,-1.2936853789626341,-0.8079549959332037,0,0
499,0.9005641593676484,0.857310954586411,0.33377041722750583,2.2369950904848737,0.5413265182601557,1,1
500,-0.7536800567614752,0.5612174948501648,0.4718039571484441,1.1063367641780035,-1.2279919127588637,0,0
501,-0.7536800567614752,0.6978848445829235,0.8759898501794038,-1.1905383399412106,-2.1355381932827573,0,0
502,-0.7536800567614752,0.42730944869383297,2.3095294549365395,0.3159824769796834,-2.2373323456988468,0,1
503,-0.7536800567614752,0.6606299608268797,-0.6004991117805238,-0.2129699744523153,-1.1730509243519331,0,1
504,1.2186708447397634,0.6025139225776085,0.7489566975333236,-0.4610706980879082,-0.0793905054614673,1,1
505,-0.7536800567614752,0.7263131134831173,1.233750317758563,-0.3803819885585433,-0.1040108847022653,0,1
506,1.464576888518758,0.6996605074806039,-0.6111967081241019,2.104150300841489,-0.9697283319826799,0,1
507,-0.7536800567614752,0.8923104714101354,0.7655832955430429,0.8888106888379969,0.5532662752092661,1,1
508,-0.7536800567614752,0.6841806911434022,-0.7463025534735812,0.043815180638467774,-0.16274930226711315,0,1
509,0.9005641593676484,0.8354331983316436,0.17589029835648645,-0.8232816852705365,0.20571938860091527,1,1
510,1.3129103132998245,0.3176204007628792,0.4749574187901489,0.597342293580021,0.29984401387030696,1,1
511,-0.7536800567614752,0.8333512738904162,2.5204156230803063,-0.5906745270722409,1.056802441929839,0,1
512,1.823911837442935,0.8772575569541029,-0.2785960592961052,0.37780679919165705,0.08975009725930537,0,1
513,-0.7536800567614752,0.6193770806687775,-0.1485051480989214,0.40099270676022863,0.7334369427112052,0,0
514,-0.7536800567614752,0.6283294440798631,0.15045834853315154,-0.81015190874518,0.25141033568060706,0,1
515,-0.7536800567614752,0.7109043566452191,-2.532092566437778,1.856851302666307,-0.7270795266183012,1,0
516,-0.7536800567614752,0.7318052607023104,0.7743696257709918,0.016757683382169458,-0.4804637335608373,0,1
517,1.1304471446812183,0.6398652751206838,0.12545257096175255,0.6674465521057934,1.81860230843234,0,1
518,-0.7536800567614752,0.680889514905585,0.4860828344162467,-0.38900141616014317,0.7384978695137774,0,1
519,-0.7536800567614752,0.791456521913436,-2.7109931418781494,0.8954847442994904,0.23848005811371925,0,0
520,1.6240353095554083,0.7088224420545081,-0.8179525746826983,-0.10835433902332536,-0.49666927706027125,1,1
521,0.9005641593676484,0.7167455693012293,0.12292515613354633,-0.48274668561228656,1.293196781026146,0,1
522,0.9005641593676484,0.47240135080166845,-0.7469153535777037,1.037624998619122,-1.9790321175002388,1,1
523,-0.7536800567614752,0.6841806911434022,-0.1302424213026766,0.10900210235963206,0.07468580411016246,0,1
524,-0.7536800567614752,0.7415800491293687,-0.31804803823273825,1.0106472367866999,1.8895560409827818,0,0
525,-0.7536800567614752,0.4902282715944788,-0.21409426637387158,-1.5227220436887219,-0.41296399491790337,1,1
526,-0.7536800567614752,0.6156654291323342,0.20051904538191667,-1.384538534965791,0.6192462262820244,1,1
527,-0.7536800567614752,0.581672006970697,1.3739192165295142,-0.10592928960182488,0.21756478584638914,0,0
528,-0.7536800567614752,0.80581448434094,0.5210948639545039,-0.957223490336625,-0.029234641486220948,0,0
529,-0.7536800567614752,0.6310765540229721,-0.1123701463827961,-0.5693783929199311,-0.8209833456882986,0,1
530,1.9279947456868456,0.5679578527842298,1.4033552625132304,-0.45856390710836453,0.12121238600289014,1,1
531,0.7155590950164082,0.8930652626831663,1.6705076202401685,0.3973268037860953,0.5291217736591498,0,1
532,-0.7536800567614752,0.8630662210536509,-0.25681556520856397,-0.16152645540706034,-0.13257737154174623,1,1
533,1.7573131683858547,0.5614459622957441,0.8917003513641912,-0.7936938261883877,0.2269739071679159,1,1
534,-0.7536800567614752,0.43824068785781045,-0.3231295959991737,0.22131328516465412,0.3189010969473683,1,1
535,0.9005641593676484,0.7200942571590865,1.2680133239680675,-0.19926147425846005,0.4399737793769854,1,1
536,-0.7536800567614752,0.7346763524003537,2.0656829688613856,0.36619077896760527,0.14039019170049005,0,1
537,1.7619887137168968,0.4797251200394096,1.5394981202341353,-0.5598602026266983,-0.463573057152649,1,1
538,-0.7536800567614752,0.8218010172146464,0.8613259382684553,1.1625496111506666,0.9526281811083277,0,1
539,1.0482033566052547,0.47240135080166845,0.6882649662269762,-0.46250899187381045,0.9269523659994212,0,1
540,1.7287271835733287,0.6025139225776085,1.072443581311235,-1.2167872726530446,0.3101308984517547,0,1
541,-0.7536800567614752,0.7200942571590865,-3.002275313182599,0.06652182071862515,-0.7582668579259223,0,0
542,-0.7536800567614752,0.5316784295790201,-0.2753059056299763,0.5218098804321205,-1.0576458228278365,0,1
543,-0.7536800567614752,0.4201834823681463,0.5933475577211569,-0.7975683999858677,1.1425732428857915,0,1
544,-0.7536800567614752,0.7487587138148283,-0.9795861452171977,0.3980475140352968,-1.25717690998786,0,1
545,-0.7536800567614752,0.6467538825225866,0.03686715526546238,1.9248935732417223,-0.8486262916225893,0,0
546,-0.7536800567614752,0.7607043100520482,-1.538830109632566,1.112620284130927,0.015320976129608003,0,1
547,1.7030914285103167,0.688644496156521,0.8085100461145529,-2.2170170556227333,0.12500607963453733,1,1
548,1.0482033566052547,0.7976778875803961,-0.31920531985813616,-0.4026662452584113,1.119359361528381,0,1
549,-0.7536800567614752,0.7265514379379351,1.1150058808685155,0.24190697645111997,-1.093176081713384,0,1
550,-0.7536800567614752,0.5961911220012134,-2.0115595849647927,-1.1734121689017167,-0.9687674218659156,0,1
551,1.412804385446546,0.5736605172556499,0.7919930266491508,-0.35359471230549694,0.39332686752493357,0,1
552,-0.7536800567614752,0.8098906321338968,-0.08542842757936024,-0.008027652920072733,1.4174136277614606,0,0
553,-0.7536800567614752,0.6113132884355093,-1.219547115822863,1.4462369512793984,-2.38159807923616,0,0
554,-0.7536800567614752,0.6396513884918161,-0.25323645256603206,-1.5039333676981612,-1.975046180527631,0,1
555,-0.7536800567614752,0.6530368912818378,0.15470550664307597,0.9527421917451007,0.5844471596578625,0,1
556,1.7619887137168968,0.48206848668710695,0.8211334871850003,-1.9785516365760942,1.8058382346779347,0,1
557,-0.7536800567614752,0.6543507793306458,-2.0269878337270035,-0.7434451454805445,-0.9369995687863378,0,0
558,1.5884121708635097,0.8139810935319668,-0.08815900783039791,-0.46594926154874755,-0.3920525601141722,0,1
559,-0.7536800567614752,0.8098906321338968,0.8048510260081837,-0.07725879373032711,-1.3389901298935836,1,1
560,-0.7536800567614752,0.6109133720102564,0.8912956709588252,-1.2815027143560858,0.4400367353969999,0,1
561,-0.7536800567614752,0.7428654416272356,-0.6145302061735747,0.7954938519086826,1.4190967225650168,0,1
562,-0.7536800567614752,0.6863960339823999,-0.033236439288976447,0.9308374737394893,-0.01368348944963738,0,0
563,1.5172804441476788,0.7245008473919388,1.427055820858566,-1.1340996711663551,0.6032040261843602,0,0
564,-0.7536800567614752,0.7955294694467737,-1.306505515625466,-1.419979050237952,-1.8695084509987188,0,0
565,-0.7536800567614752,0.6903503052365177,-1.3327357223088976,-1.7368088374802502,-0.7494890357014404,0,1
566,-0.7536800567614752,0.5393113531190685,-0.3474759924907411,0.013158824100206079,-0.061505697756474687,1,0
567,-0.7536800567614752,0.7109043566452191,-0.3188489972809397,0.27087920447928565,-1.094260216754142,1,1
568,-0.7536800567614752,0.7039269441401605,0.5172303802238436,2.2479203843647135,-0.09391365839087731,1,1
569,-0.7536800567614752,0.4903558652878539,1.0503737705891232,-0.08174408375182719,0.10536243591431624,1,1
570,0.9005641593676484,0.6696368408837174,-0.7872916490765385,-0.02087590111021684,0.11832537235692947,0,1
571,0.6366861570714816,0.8249799036252122,-2.128066868372835,-0.8525669912102954,1.0983150285494814,0,1
572,-0.7536800567614752,0.7185343455216199,-0.5379962192794466,2.2395514928829967,-0.3355759221724399,0,0
573,1.464576888518758,0.6606299608268797,-0.25945251136340314,0.3151377999075031,0.4648109193501261,1,1
574,-0.7536800567614752,0.7725004782058981,0.2657281513328525,0.4354163513880571,1.324128597589527,0,1
575,-0.7536800567614752,0.4951643232482299,0.29767232795034376,-1.4058149222047986,0.34636230416104447,0,0
576,0.4418465397428268,0.6676952509192005,-0.5732421471098078,-0.39313323434710873,-1.0687745389027352,1,1
577,-0.7536800567614752,0.6533762535138833,0.02484462335474283,-0.4905425119394864,-0.4801328647669886,0,1
578,1.464576888518758,0.782055999512974,0.3604507244232943,-0.05778258686105454,-1.0322121501524273,1,1
579,-0.7536800567614752,0.6042729728988379,-0.6191943620897851,1.5200916768476767,1.4941553754883208,0,0
580,-0.7536800567614752,0.5442317857349233,0.19171375704177396,2.464319882384912,1.1823647992306487,0,0
581,-0.7536800567614752,0.8795423483205882,-1.0898802188689214,1.746916789672269,-0.7044045306790918,0,0
582,-0.7536800567614752,0.5475706046858144,-0.848388091140718,1.1959168102948143,-0.692524602927851,1,0
583,1.464576888518758,0.7217479198678396,1.4498194410072494,-0.07239718382164484,-1.1840427239759723,0,1
584,1.5705849115125163,0.7078800936756799,-0.2396752512890869,-0.8950042638880138,0.6070919751603693,0,1
585,1.8766908033917307,0.8239086283589176,0.6914601179213814,1.354343326921611,-0.13157939092025425,0,1
586,-0.7536800567614752,0.7597840276935526,0.387120821103495,-0.6134188180431006,0.9789872565931621,0,1
587,-0.7536800567614752,0.7220872085009471,-1.0501501746046413,-0.419362186002243,0.9044926140236248,0,0
588,-0.7536800567614752,0.6204669377882449,0.7047672814918585,-1.6328176245233033,0.3804715774991983,1,1
589,-0.7536800567614752,0.7216732422922266,-1.5058302028881603,-0.39266870685695443,0.7369115524073994,0,0
590,1.6944427399079995,0.7282410147739689,0.2226500354231466,-0.33676333335809777,-0.17546221866248646,0,1
591,1.412804385446546,0.5679578527842298,-0.10681320613144053,0.34637032622129116,0.5817484883985121,0,1
592,-0.7536800567614752,0.5152020858660215,-0.09862165463452026,1.2824372913937403,-0.1563904974287949,0,0
593,1.15918312194903,0.7245008473919388,-0.08976126265191328,0.03831036489226916,-0.5010676800879237,0,0
594,-0.7536800567614752,0.6277594998804963,-0.46326026605685183,-0.8630952431872174,0.30851223907691966,1,1
595,0.6121292411689686,0.6718043045921199,-0.6162864783138662,0.9869344653553378,-0.8453914977980422,0,1
596,-0.7536800567614752,0.7939213216289207,-1.5235705120992005,0.8118101526578719,-1.7029300390370183,0,1
597,-0.7536800567614752,0.8247791043469568,2.4910890237187084,1.0198279876425445,-0.732504599525924,0,1
598,-0.7536800567614752,0.7676661487464216,0.036188853543381444,-1.3718445868294673,-0.3201659959699098,1,1
599,-0.7536800567614752,0.6353879817485941,-1.690093957775078,0.06882740888641882,-0.7524675820400469,0,1
600,-0.7536800567614752,0.6113132884355093,1.327270674472724,-2.0549536855513906,-1.2974946790442765,0,1
601,1.334644139561626,0.48584326486680807,-1.05141761612166,-0.15532560699178216,-0.9484902444939044,1,0
602,-0.7536800567614752,0.7586177484582647,-1.5583896200363383,-1.0561198257195143,0.3431898546865367,0,1
603,-0.7536800567614752,0.6610736139549683,-1.0024200545295279,0.34435084635194974,-0.7036409578325017,0,1
604,1.7938571286323,0.8891411994320053,-0.04092047528040931,-1.31315431365889,-0.3661245502696136,0,1
605,-0.7536800567614752,0.4123912143358864,0.662261739712903,0.11002844154465961,-1.2519673288497901,0,0
606,-0.7536800567614752,0.40652766843775556,0.5769569134997132,1.7112197399692326,0.6758222772896196,1,1
607,-0.7536800567614752,0.9694449795657427,-0.9287991887198842,-1.7683097496626319,0.7511098251717456,1,1
608,1.6944427399079995,0.6299194806746723,0.6620916645825714,0.534093622807368,0.719526695245912,0,1
609,-0.7536800567614752,0.6012696862959774,0.08512191088723453,-0.22818418994162729,0.39587152919657487,0,1
610,-0.7536800567614752,0.8373059175397228,-1.4315821817157244,1.4040999247010708,-0.7037164649697386,0,1
611,-0.7536800567614752,0.6533762535138833,-0.010699412432138965,0.3987993130638773,2.566281422980954,0,0
612,-0.7536800567614752,0.7580349574670675,1.527170004437333,-1.9520605340779615,-0.7243397848247259,1,1
613,0.9005641593676484,0.706834265098131,-0.7921024398845267,0.9861479672338228,0.3027361020679233,0,1
614,-0.7536800567614752,0.7630703194278183,-0.5672704151617703,-0.6667744907423931,-1.3494992655939897,1,1
615,-0.7536800567614752,0.4902282715944788,0.5174723873501408,0.33352883007192236,-0.19403023895684793,0,1
616,1.7287271835733287,0.5732503173255129,0.11206953254201266,0.28363820047914984,-1.231374687060663,0,1
617,-0.7536800567614752,0.8029656967635586,-0.23866010295734208,0.6823496456166317,-0.4786979080618994,0,0
618,0.8344278919539974,0.7775549897407659,-0.06253427435107528,-0.08489127525871192,-1.5045821491009277,0,1
619,-0.7536800567614752,0.4786686603729315,0.1928729742307199,-0.11319387318733305,-0.3287772619575652,1,1
620,-0.7536800567614752,0.7562808537306405,0.3931003340660896,-0.9452822407362972,-1.0948093951175202,1,1
621,-0.7536800567614752,0.4902250406119453,1.412432066355054,1.3307540306770702,0.07923722862437821,0,0
622,1.2186708447397634,0.614570757543946,-1.2650355250515684,0.5272735559365814,0.6777014017275804,1,1
623,-0.7536800567614752,0.45402864707135315,0.7586044480412935,-0.48202876750103835,-0.2873409877366218,1,0
624,0.8779837698233386,0.4828478139631715,0.19014969186697955,-0.655494254869824,-1.1215432757537598,0,1
625,1.464576888518758,0.6537020358932958,-0.5932873126727525,-1.9834667952394576,-0.8405989956745751,0,1
626,-0.7536800567614752,0.8284734725752887,-0.06477280466441165,-0.3577505985156218,0.4252363011702311,0,1
627,-0.7536800567614752,0.80744490872398,-1.0752618387207202,0.6715141466324118,-0.9170896929951629,0,1
628,-0.7536800567614752,0.5368015200452628,0.10929961066877261,-0.3682641407852148,0.045618381528293894,1,1
629,-0.7536800567614752,0.48206848668710695,0.17816350736311065,0.3504764648609795,1.310073287948488,0,0
630,0.7437196548155522,0.5393113531190685,1.7232878210447071,-0.8195255935478962,-0.11138734816398853,1,0
631,-0.7536800567614752,0.6491851160964406,-1.736199965413918,1.5127825336199943,-0.6512670903295932,0,0
632,1.464576888518758,0.7515078397381889,0.6964074453363496,0.25901659435660734,1.169914870327217,0,1
633,-0.7536800567614752,0.7522526472565829,-0.14925350822019728,0.428444353206889,-0.017148667249858435,0,0
634,1.378925022805045,0.47374228851415723,1.46379173138476,-1.7000057418404426,-0.7627385080618228,1,1
635,0.3387785403359003,0.785113887409054,0.9559563274804835,-0.3653639604867107,0.29036055400300426,1,0
636,-0.7536800567614752,0.7795714230443203,-1.085333855087581,-0.39346585896871233,-0.676171971849623,1,1
637,-0.7536800567614752,0.5037943238519915,0.844379265829975,1.0450854814943775,-0.10316192824765562,0,0
638,0.2255696754018174,0.5817716863403881,-2.1289479367622794,0.998792265983686,0.2585569359931042,0,0
639,-0.7536800567614752,0.6414548797452196,-0.9060224517475427,0.746828132341714,1.3488213965143334,1,0
640,-0.7536800567614752,0.7525156460750022,0.44526063448456243,1.8512184697225953,-0.48494133184137495,1,0
641,0.7728871787537525,0.7163228468783789,-0.569327860498305,-0.5035377702565524,-0.6877789036961268,0,1
642,0.7728871787537525,0.8067285851734943,-1.3573003010640994,-0.5041676990822878,-2.006328753337354,1,1
643,-0.7536800567614752,0.6425389587225705,-0.45245436816631873,0.45479770263617225,0.022509750100021274,1,1
644,-0.7536800567614752,0.7026569513886214,0.08638832480027288,0.8089069312748288,0.2841897003929999,1,0
645,1.0749658581564108,0.5436138110138439,0.7700304530873381,0.48018390174581876,0.44045386698168326,0,0
646,-0.7536800567614752,0.5189881610783363,-0.17029338403565708,0.021442248554250216,0.744739096606907,0,1
647,-0.7536800567614752,0.43824068785781045,-0.18534118409928793,1.509944627374231,0.5097844667119596,0,1
648,1.464576888518758,0.8623287254436107,-0.7329873056214928,-1.2378336159427616,0.28126659133590437,1,1
649,-0.7536800567614752,0.7052934640059233,-0.3392420919606201,1.399298306115144,0.6682134580217467,0,1
650,-0.7536800567614752,0.6393621619577966,0.5971824321489723,0.5007219976433103,1.6857414678067266,0,1
651,1.3373803282136525,0.9662762985258732,0.7121463170948452,0.5525063159481102,0.5916187009174607,0,0
652,1.94344491483483,0.7613944013551243,-0.7237978138732284,-0.655723779149151,0.9725022034245,1,1
653,-0.7536800567614752,0.7467358711778198,-0.8636951000531629,-0.8494931748864872,-2.5299478631314076,0,1
654,-0.7536800567614752,0.45915036668995945,1.4479746644601437,-0.12122536740433779,-0.04059542719592736,0,1
655,1.7287271835733287,0.6543507793306458,0.11222734294659101,-0.35718178542793316,0.5537125942718871,1,1
656,-0.7536800567614752,0.8659854141262285,0.5110225807441268,0.16365858058610155,0.4781542387995332,0,1
657,-0.7536800567614752,0.7552554508932292,-0.06822642675118126,0.1958880978728239,-0.5040332208746395,0,0
658,1.6944427399079995,0.7625385334228041,0.26082673852421795,-1.6103194692868443,0.9790441687522882,0,0
659,0.8344278919539974,0.7327755035620325,-0.3597732668724439,0.0632156023690943,0.8305481389887598,0,0
